year,home,home_triple_plays,home_complete_game,home_no_hitter,home_perfect_game,home_games,away_triple_plays,away_complete_game,away_no_hitter,away_perfect_game,away_games
1970,ATL,0,24,0,0,81,0,21,0,0,81
1970,BAL,0,35,0,0,81,0,25,0,0,81
1970,BOS,0,21,0,0,81,0,17,0,0,81
1970,CAL,0,14,1,0,81,1,7,0,0,81
1970,CHA,0,12,0,0,84,0,8,0,0,78
1970,CHN,0,30,0,0,80,0,29,0,0,82
1970,CIN,0,18,0,0,81,0,14,0,0,81
1970,CLE,0,16,0,0,81,1,18,0,0,81
1970,DET,0,17,0,0,81,0,16,0,0,81
1970,HOU,0,23,0,0,81,0,13,0,0,81
1970,KCA,0,18,0,0,79,0,12,0,0,83
1970,LAN,0,19,1,0,81,0,18,0,0,80
1970,MIL,0,17,0,0,81,0,14,0,0,82
1970,MIN,0,16,0,0,81,0,10,0,0,81
1970,MON,0,18,0,0,80,0,11,0,0,82
1970,NYA,0,24,0,0,81,0,12,0,0,82
1970,NYN,0,25,0,0,82,0,22,0,0,80
1970,OAK,0,19,1,0,81,0,14,0,0,81
1970,PHI,0,13,0,0,80,0,11,0,0,81
1970,PIT,1,22,0,0,82,0,14,1,0,80
1970,SDN,0,13,0,0,81,0,11,0,0,81
1970,SFN,0,28,0,0,81,0,22,0,0,81
1970,SLN,0,24,0,0,81,0,27,0,0,81
1970,WS2,0,12,0,0,81,0,8,0,0,81
1971,ATL,0,21,0,0,82,0,19,0,0,80
1971,BAL,0,38,0,0,77,0,33,0,0,81
1971,BOS,0,21,0,0,80,0,23,0,0,82
1971,CAL,0,22,0,0,81,0,17,0,0,81
1971,CHA,0,24,0,0,81,0,22,0,0,81
1971,CHN,0,35,0,0,81,0,40,1,0,81
1971,CIN,0,18,0,0,81,0,9,0,0,81
1971,CLE,0,10,0,0,81,0,11,0,0,81
1971,DET,0,33,0,0,81,0,20,0,0,81
1971,HOU,2,19,0,0,81,0,24,0,0,81
1971,KCA,0,17,0,0,81,0,17,0,0,80
1971,LAN,0,25,0,0,81,0,23,0,0,81
1971,MIL,0,20,0,0,82,1,12,0,0,79
1971,MIN,0,19,0,0,79,0,24,0,0,81
1971,MON,0,25,0,0,80,0,23,0,0,82
1971,NYA,0,38,0,0,81,0,29,0,0,81
1971,NYN,0,19,0,0,81,0,23,0,0,81
1971,OAK,0,30,0,0,81,0,27,0,0,79
1971,PHI,0,19,0,0,81,0,12,1,0,81
1971,PIT,1,23,0,0,80,0,20,0,0,82
1971,SDN,1,25,0,0,81,0,22,0,0,80
1971,SFN,0,27,0,0,81,0,18,0,0,81
1971,SLN,0,27,0,0,82,0,29,1,0,81
1971,WS2,0,18,0,0,80,0,11,0,0,78
1972,ATL,0,17,0,0,78,0,23,0,0,77
1972,BAL,0,32,0,0,77,0,30,0,0,77
1972,BOS,1,29,0,0,78,0,19,0,0,77
1972,CAL,0,32,0,0,79,1,24,0,0,75
1972,CHA,0,24,0,0,78,0,12,0,0,76
1972,CHN,0,23,2,0,77,1,31,0,0,79
1972,CIN,0,10,0,0,76,0,15,0,0,78
1972,CLE,0,22,0,0,77,0,25,0,0,79
1972,DET,0,25,0,0,78,0,21,0,0,78
1972,HOU,0,20,0,0,77,0,18,0,0,76
1972,KCA,0,24,0,0,77,1,20,0,0,77
1972,LAN,0,27,0,0,75,0,23,0,0,80
1972,MIL,0,19,0,0,79,0,18,0,0,77
1972,MIN,0,21,0,0,74,0,16,0,0,80
1972,MON,1,21,1,0,78,0,18,0,0,78
1972,NYA,0,19,0,0,77,0,16,0,0,78
1972,NYN,0,16,0,0,78,0,16,0,0,78
1972,OAK,0,26,0,0,77,0,16,0,0,78
1972,PHI,0,22,0,0,79,0,21,0,0,77
1972,PIT,0,17,0,0,78,0,22,0,0,77
1972,SDN,1,20,0,0,80,0,19,0,0,73
1972,SFN,0,23,0,0,77,0,21,0,0,78
1972,SLN,0,35,0,0,77,0,29,0,0,79
1972,TEX,0,7,0,0,77,0,4,0,0,76
1973,ATL,0,17,1,0,81,0,17,0,0,81
1973,BAL,1,32,0,0,81,1,35,0,0,81
1973,BOS,0,33,0,0,81,0,34,0,0,81
1973,CAL,0,41,0,0,81,0,31,2,0,81
1973,CHA,0,25,0,0,81,0,23,0,0,81
1973,CHN,0,11,0,0,80,0,16,0,0,81
1973,CIN,0,21,0,0,80,0,18,0,0,81
1973,CLE,0,28,0,0,81,1,27,0,0,81
1973,DET,0,16,0,0,81,0,23,0,0,81
1973,HOU,0,22,0,0,81,0,23,0,0,81
1973,KCA,0,20,0,0,81,0,20,1,0,81
1973,LAN,0,27,0,0,81,0,18,0,0,81
1973,MIL,0,29,0,0,81,0,21,0,0,81
1973,MIN,0,22,0,0,81,0,26,0,0,81
1973,MON,1,14,0,0,81,0,12,0,0,81
1973,NYA,0,25,0,0,81,0,22,0,0,81
1973,NYN,0,26,0,0,81,0,21,0,0,80
1973,OAK,0,27,0,0,81,0,19,0,0,81
1973,PHI,0,24,0,0,81,0,25,0,0,81
1973,PIT,0,14,0,0,81,0,12,0,0,81
1973,SDN,0,18,0,0,81,0,16,0,0,81
1973,SFN,0,14,0,0,81,0,18,0,0,80
1973,SLN,0,25,0,0,81,0,17,0,0,81
1973,TEX,0,18,0,0,81,0,17,1,0,81
1974,ATL,0,23,0,0,81,0,23,0,0,82
1974,BAL,0,26,0,0,81,0,31,0,0,81
1974,BOS,0,35,0,0,81,0,36,0,0,81
1974,CAL,0,36,1,0,81,0,28,0,0,82
1974,CHA,0,27,0,0,82,0,28,0,0,81
1974,CHN,0,11,0,0,81,0,12,0,0,81
1974,CIN,0,21,0,0,82,0,13,0,0,81
1974,CLE,0,26,1,1,81,0,19,0,0,81
1974,DET,0,28,0,0,81,0,26,0,0,81
1974,HOU,0,22,0,0,81,0,14,0,0,81
1974,KCA,0,25,0,0,81,0,29,1,0,81
1974,LAN,0,18,0,0,81,0,15,0,0,81
1974,MIL,0,20,0,0,81,0,23,0,0,81
1974,MIN,0,25,0,0,82,0,18,0,0,81
1974,MON,0,20,0,0,80,0,15,0,0,81
1974,NYA,0,29,0,0,81,0,24,0,0,81
1974,NYN,0,24,0,0,81,0,22,0,0,81
1974,OAK,0,27,0,0,81,0,22,0,0,80
1974,PHI,0,21,0,0,81,0,25,0,0,81
1974,PIT,0,32,0,0,81,0,19,0,0,81
1974,SDN,0,14,0,0,81,0,11,0,0,81
1974,SFN,0,14,0,0,81,0,13,0,0,81
1974,SLN,0,22,0,0,81,0,15,0,0,80
1974,TEX,0,36,0,0,79,0,26,0,0,81
1975,ATL,0,14,0,0,80,0,18,0,0,81
1975,BAL,0,41,0,0,77,0,29,0,0,82
1975,BOS,0,30,0,0,81,0,32,0,0,79
1975,CAL,0,27,1,0,80,0,31,0,0,80
1975,CHA,0,15,0,0,81,0,19,0,0,80
1975,CHN,0,14,0,0,81,0,13,0,0,81
1975,CIN,0,13,0,0,81,0,9,0,0,81
1975,CLE,0,16,0,0,80,0,21,0,0,79
1975,DET,0,24,0,0,80,0,28,0,0,79
1975,HOU,0,18,0,0,81,0,21,0,0,81
1975,KCA,0,30,0,0,81,0,22,0,0,80
1975,LAN,0,32,0,0,81,0,19,0,0,81
1975,MIL,0,17,0,0,81,0,19,0,0,81
1975,MIN,0,30,0,0,82,0,27,0,0,77
1975,MON,1,11,0,0,81,0,19,0,0,81
1975,NYA,0,33,0,0,78,0,37,0,0,82
1975,NYN,0,24,0,0,81,0,16,0,0,81
1975,OAK,0,22,0,0,81,0,14,0,0,81
1975,PHI,0,20,0,0,81,0,13,0,0,81
1975,PIT,0,26,0,0,80,0,17,0,0,81
1975,SDN,0,25,0,0,81,0,15,0,0,81
1975,SFN,0,23,1,0,81,0,14,0,0,80
1975,SLN,0,16,0,0,82,0,17,0,0,81
1975,TEX,0,29,0,0,80,0,31,0,0,82
1976,ATL,0,16,0,0,81,0,17,0,0,81
1976,BAL,0,31,0,0,81,0,28,0,0,81
1976,BOS,0,22,0,0,81,0,27,0,0,81
1976,CAL,0,38,0,0,81,0,26,0,0,81
1976,CHA,0,27,0,0,80,0,27,0,0,81
1976,CHN,0,13,0,0,81,0,14,0,0,81
1976,CIN,0,20,0,0,81,0,13,0,0,81
1976,CLE,1,16,0,0,79,0,14,0,0,80
1976,DET,0,29,0,0,80,0,26,0,0,81
1976,HOU,0,27,1,0,82,0,15,0,0,80
1976,KCA,0,22,0,0,81,0,19,0,0,81
1976,LAN,0,28,0,0,81,0,19,0,0,81
1976,MIL,0,21,0,0,80,0,23,0,0,80
1976,MIN,0,14,0,0,81,1,15,0,0,81
1976,MON,0,16,0,0,80,0,10,0,0,82
1976,NYA,0,31,0,0,80,0,31,0,0,78
1976,NYN,0,27,0,0,82,0,26,0,0,80
1976,OAK,0,24,0,0,81,0,15,0,0,80
1976,PHI,0,18,0,0,81,0,16,0,0,81
1976,PIT,0,26,1,0,81,0,19,0,0,81
1976,SDN,0,28,0,0,80,0,19,0,0,82
1976,SFN,0,14,0,0,81,1,13,1,0,81
1976,SLN,0,18,0,0,81,0,17,0,0,81
1976,TEX,0,32,0,0,81,0,32,0,0,81
1977,ATL,0,15,0,0,81,0,13,0,0,81
1977,BAL,0,36,0,0,81,1,29,0,0,80
1977,BOS,0,16,0,0,80,0,24,0,0,81
1977,CAL,1,26,0,0,81,1,26,0,0,80
1977,CHA,0,19,0,0,81,0,15,0,0,81
1977,CHN,0,12,0,0,81,0,4,0,0,81
1977,CIN,0,14,0,0,81,0,19,0,0,81
1977,CLE,0,26,1,0,81,0,19,0,0,80
1977,DET,0,22,0,0,81,0,22,0,0,81
1977,HOU,0,23,0,0,81,0,14,0,0,81
1977,KCA,0,23,1,0,81,0,18,0,0,81
1977,LAN,0,18,0,0,81,0,16,0,0,81
1977,MIL,0,19,0,0,81,0,19,0,0,81
1977,MIN,0,22,0,0,80,0,13,0,0,81
1977,MON,0,17,0,0,81,0,14,0,0,81
1977,NYA,0,27,0,0,81,0,25,0,0,81
1977,NYN,0,14,0,0,79,0,13,0,0,83
1977,OAK,0,16,0,0,81,0,16,0,0,80
1977,PHI,0,22,0,0,81,0,9,0,0,81
1977,PIT,0,13,0,0,81,0,12,0,0,81
1977,SDN,0,4,0,0,81,0,2,0,0,81
1977,SEA,1,10,0,0,80,0,8,0,0,81
1977,SFN,0,16,0,0,81,0,11,0,0,81
1977,SLN,1,16,0,0,83,0,10,0,0,79
1977,TEX,1,20,0,0,81,0,29,1,0,81
1977,TOR,0,22,0,0,80,0,18,0,0,81
1978,ATL,1,14,0,0,81,0,15,0,0,81
1978,BAL,0,35,0,0,81,1,30,0,0,80
1978,BOS,0,33,0,0,82,0,24,0,0,81
1978,CAL,0,24,0,0,81,0,20,0,0,81
1978,CHA,0,19,0,0,80,0,19,0,0,81
1978,CHN,0,12,0,0,82,0,12,0,0,80
1978,CIN,0,7,1,0,80,0,9,0,0,81
1978,CLE,0,18,0,0,78,0,18,0,0,81
1978,DET,0,26,0,0,81,0,34,0,0,81
1978,HOU,0,33,0,0,81,2,15,0,0,81
1978,KCA,0,35,0,0,81,0,18,0,0,81
1978,LAN,0,26,0,0,81,0,20,0,0,81
1978,MIL,0,37,0,0,81,0,25,0,0,81
1978,MIN,0,32,0,0,81,0,15,0,0,80
1978,MON,0,24,0,0,80,0,18,0,0,82
1978,NYA,0,23,0,0,81,0,16,0,0,82
1978,NYN,0,12,0,0,80,0,9,0,0,82
1978,OAK,0,16,0,0,80,0,10,0,0,82
1978,PHI,0,21,0,0,82,0,17,0,0,80
1978,PIT,0,14,0,0,81,0,16,0,0,80
1978,SDN,0,15,0,0,81,1,6,0,0,81
1978,SEA,0,11,0,0,80,0,17,0,0,79
1978,SFN,0,27,0,0,81,0,15,0,0,81
1978,SLN,0,16,1,0,81,0,16,0,0,81
1978,TEX,0,31,0,0,82,0,23,0,0,80
1978,TOR,1,20,0,0,81,0,15,0,0,80
1979,ATL,0,16,0,0,79,0,16,0,0,81
1979,BAL,1,28,0,0,79,0,24,0,0,80
1979,BOS,2,27,0,0,80,1,20,0,0,80
1979,CAL,0,24,0,0,81,0,22,0,0,80
1979,CHA,0,18,0,0,79,0,10,0,0,81
1979,CHN,0,15,0,0,81,0,5,0,0,81
1979,CIN,0,13,0,0,80,0,14,0,0,81
1979,CLE,0,17,0,0,81,0,11,0,0,80
1979,DET,0,15,0,0,80,0,10,0,0,81
1979,HOU,0,30,1,0,81,0,25,0,0,81
1979,KCA,0,20,0,0,81,0,22,0,0,81
1979,LAN,0,14,0,0,81,0,16,0,0,81
1979,MIL,0,36,0,0,81,1,25,0,0,80
1979,MIN,0,20,0,0,81,0,11,0,0,81
1979,MON,0,20,0,0,81,0,13,0,0,79
1979,NYA,0,25,0,0,81,0,18,0,0,79
1979,NYN,0,9,0,0,82,0,7,0,0,81
1979,OAK,2,24,0,0,81,1,17,0,0,81
1979,PHI,0,17,0,0,81,0,16,0,0,82
1979,PIT,1,11,0,0,81,0,13,0,0,82
1979,SDN,0,17,0,0,81,0,12,0,0,80
1979,SEA,0,19,0,0,80,0,18,0,0,81
1979,SFN,0,12,0,0,81,0,13,0,0,81
1979,SLN,0,18,0,0,82,0,20,0,0,81
1979,TEX,0,14,0,0,81,0,12,0,0,81
1979,TOR,1,21,0,0,81,1,23,0,0,81
1980,ATL,0,13,0,0,80,0,16,0,0,81
1980,BAL,0,23,0,0,81,0,19,0,0,81
1980,BOS,0,16,0,0,81,0,14,0,0,79
1980,CAL,0,11,0,0,81,0,11,0,0,79
1980,CHA,1,18,0,0,81,0,14,0,0,81
1980,CHN,0,7,0,0,81,0,6,0,0,81
1980,CIN,0,17,0,0,82,0,13,0,0,81
1980,CLE,0,13,0,0,79,0,22,0,0,81
1980,DET,0,18,0,0,82,1,22,0,0,81
1980,HOU,0,15,0,0,81,0,16,0,0,82
1980,KCA,0,18,0,0,81,0,19,0,0,81
1980,LAN,0,12,0,0,82,0,12,1,1,81
1980,MIL,0,29,0,0,82,0,19,0,0,80
1980,MIN,0,19,0,0,80,0,16,0,0,81
1980,MON,0,18,0,0,80,1,15,0,0,82
1980,NYA,0,15,0,0,81,0,14,0,0,81
1980,NYN,0,10,0,0,82,0,7,0,0,80
1980,OAK,0,53,0,0,81,0,41,0,0,81
1980,PHI,0,11,0,0,81,0,14,0,0,81
1980,PIT,0,13,0,0,81,0,12,0,0,81
1980,SDN,0,10,0,0,81,0,9,0,0,82
1980,SEA,0,19,0,0,80,1,12,0,0,82
1980,SFN,1,18,0,0,81,0,9,0,0,80
1980,SLN,0,15,0,0,81,0,19,0,0,81
1980,TEX,0,16,0,0,80,0,19,0,0,83
1980,TOR,0,20,0,0,81,0,19,0,0,80
1981,ATL,0,3,0,0,50,0,8,0,0,57
1981,BAL,0,16,0,0,55,0,9,0,0,50
1981,BOS,0,10,0,0,53,0,9,0,0,55
1981,CAL,0,12,0,0,54,0,15,0,0,56
1981,CHA,1,7,0,0,49,0,13,0,0,57
1981,CHN,0,4,0,0,58,0,2,0,0,48
1981,CIN,0,11,0,0,53,0,14,0,0,54
1981,CLE,0,17,1,1,54,1,16,0,0,49
1981,DET,0,13,0,0,55,0,20,0,0,54
1981,HOU,0,15,1,0,51,0,8,0,0,59
1981,KCA,0,11,0,0,47,0,13,0,0,56
1981,LAN,0,11,0,0,56,0,15,0,0,54
1981,MIL,0,4,0,0,49,0,7,0,0,60
1981,MIN,0,6,0,0,61,0,7,0,0,49
1981,MON,0,14,1,0,56,0,6,0,0,52
1981,NYA,0,6,0,0,51,0,10,0,0,56
1981,NYN,0,5,0,0,52,0,2,0,0,53
1981,OAK,1,29,0,0,56,0,31,0,0,53
1981,PHI,0,11,0,0,55,0,8,0,0,51
1981,PIT,0,4,0,0,51,0,7,0,0,52
1981,SDN,0,5,0,0,55,0,4,0,0,55
1981,SEA,1,6,0,0,57,0,4,0,0,53
1981,SFN,0,3,0,0,53,0,5,0,0,58
1981,SLN,1,7,0,0,53,0,4,0,0,50
1981,TEX,0,15,0,0,56,0,8,0,0,49
1981,TOR,0,8,0,0,53,0,12,0,0,53
1982,ATL,0,8,0,0,81,0,7,0,0,81
1982,BAL,0,20,0,0,81,0,18,0,0,81
1982,BOS,0,12,0,0,81,0,11,0,0,81
1982,CAL,0,21,0,0,81,0,19,0,0,81
1982,CHA,0,16,0,0,80,0,14,0,0,82
1982,CHN,0,7,0,0,81,0,2,0,0,81
1982,CIN,0,15,0,0,81,0,7,0,0,81
1982,CLE,0,15,0,0,81,0,16,0,0,81
1982,DET,0,22,0,0,81,0,23,0,0,81
1982,HOU,0,22,0,0,81,0,15,0,0,81
1982,KCA,0,10,0,0,81,0,6,0,0,80
1982,LAN,0,19,0,0,81,0,18,0,0,81
1982,MIL,0,22,0,0,82,0,12,0,0,81
1982,MIN,1,14,0,0,81,0,12,0,0,81
1982,MON,0,13,0,0,81,0,21,0,0,81
1982,NYA,0,15,0,0,81,0,9,0,0,81
1982,NYN,1,9,0,0,81,1,6,0,0,81
1982,OAK,0,19,0,0,81,0,23,0,0,81
1982,PHI,0,22,0,0,81,0,16,0,0,81
1982,PIT,1,9,0,0,81,0,10,0,0,81
1982,SDN,0,11,0,0,81,0,9,0,0,81
1982,SEA,0,7,0,0,81,0,16,0,0,81
1982,SFN,0,13,0,0,81,0,5,0,0,81
1982,SLN,0,13,0,0,81,0,12,0,0,81
1982,TEX,0,18,0,0,81,0,14,0,0,81
1982,TOR,0,18,0,0,81,0,23,0,0,81
1983,ATL,0,6,0,0,80,0,12,0,0,82
1983,BAL,0,20,0,0,80,0,16,0,0,81
1983,BOS,0,16,0,0,81,0,13,0,0,81
1983,CAL,0,21,0,0,81,0,18,0,0,81
1983,CHA,0,21,0,0,81,0,14,0,0,81
1983,CHN,1,6,0,0,81,0,3,0,0,81
1983,CIN,0,17,0,0,81,0,17,0,0,81
1983,CLE,0,13,0,0,81,0,21,0,0,81
1983,DET,0,19,0,0,81,0,23,0,0,81
1983,HOU,0,14,0,0,82,0,8,0,0,80
1983,KCA,0,7,0,0,82,0,12,0,0,80
1983,LAN,0,12,0,0,80,0,15,0,0,83
1983,MIL,0,19,0,0,81,0,16,0,0,81
1983,MIN,0,11,0,0,81,1,9,0,0,81
1983,MON,0,20,0,0,81,0,18,0,0,82
1983,NYA,0,27,1,0,81,0,20,0,0,81
1983,NYN,0,11,0,0,82,0,7,0,0,80
1983,OAK,1,13,1,0,81,0,9,0,0,81
1983,PHI,0,11,0,0,82,0,9,0,0,81
1983,PIT,0,14,0,0,81,0,11,0,0,81
1983,SDN,1,13,0,0,82,0,10,0,0,81
1983,SEA,0,13,0,0,81,0,12,0,0,81
1983,SFN,0,10,0,0,81,0,10,0,0,81
1983,SLN,1,12,1,0,81,0,10,0,0,81
1983,TEX,0,23,0,0,81,0,20,0,0,82
1983,TOR,0,25,0,0,81,0,18,0,0,81
1984,ATL,0,4,0,0,81,0,13,0,0,81
1984,BAL,0,25,0,0,80,0,23,0,0,81
1984,BOS,0,19,0,0,81,0,21,0,0,81
1984,CAL,0,16,0,0,81,0,20,1,1,81
1984,CHA,0,23,0,0,81,0,20,0,0,80
1984,CHN,0,9,0,0,80,0,10,0,0,81
1984,CIN,0,18,0,0,81,0,7,0,0,81
1984,CLE,0,12,0,0,81,0,9,0,0,82
1984,DET,0,11,0,0,82,0,8,1,0,80
1984,HOU,0,14,0,0,81,0,10,0,0,81
1984,KCA,0,10,0,0,81,0,8,0,0,81
1984,LAN,0,19,0,0,81,0,20,0,0,81
1984,MIL,0,9,0,0,81,0,4,0,0,80
1984,MIN,0,17,0,0,81,1,15,0,0,81
1984,MON,0,12,0,0,81,0,7,1,1,80
1984,NYA,0,12,0,0,81,0,3,0,0,81
1984,NYN,0,5,0,0,81,0,7,0,0,81
1984,OAK,0,5,0,0,81,0,10,0,0,81
1984,PHI,0,7,0,0,81,0,4,0,0,81
1984,PIT,0,19,0,0,81,0,8,0,0,81
1984,SDN,0,7,0,0,81,0,6,0,0,81
1984,SEA,0,8,0,0,81,0,18,0,0,81
1984,SFN,0,5,0,0,81,0,4,0,0,81
1984,SLN,0,10,0,0,81,0,9,0,0,81
1984,TEX,0,17,0,0,80,0,21,0,0,81
1984,TOR,0,21,0,0,81,0,13,0,0,82
1985,ATL,0,4,0,0,81,0,5,0,0,81
1985,BAL,0,18,0,0,80,0,14,0,0,80
1985,BOS,0,22,0,0,81,0,13,0,0,82
1985,CAL,0,9,0,0,79,0,13,0,0,83
1985,CHA,0,8,0,0,81,0,12,0,0,82
1985,CHN,0,10,0,0,81,1,10,0,0,81
1985,CIN,0,11,0,0,81,0,13,0,0,81
1985,CLE,0,17,0,0,81,0,7,0,0,81
1985,DET,0,13,0,0,81,0,18,0,0,80
1985,HOU,0,7,0,0,81,0,10,0,0,81
1985,KCA,0,12,0,0,82,1,15,0,0,80
1985,LAN,0,18,0,0,81,0,19,0,0,81
1985,MIL,0,18,0,0,80,0,16,0,0,81
1985,MIN,0,24,0,0,84,0,17,0,0,78
1985,MON,0,8,0,0,81,0,5,0,0,80
1985,NYA,0,13,0,0,80,0,12,0,0,81
1985,NYN,0,17,0,0,81,0,15,0,0,81
1985,OAK,0,3,0,0,79,0,7,0,0,83
1985,PHI,0,12,0,0,81,0,12,0,0,81
1985,PIT,0,10,0,0,80,0,5,0,0,81
1985,SDN,0,10,0,0,81,0,16,0,0,81
1985,SEA,0,13,0,0,83,0,10,0,0,79
1985,SFN,0,9,0,0,81,0,4,0,0,81
1985,SLN,0,24,0,0,81,0,13,0,0,81
1985,TEX,0,8,0,0,80,0,10,0,0,80
1985,TOR,0,10,0,0,80,0,8,0,0,81
1986,ATL,0,10,0,0,81,1,7,0,0,80
1986,BAL,0,6,0,0,78,0,11,0,0,83
1986,BOS,0,19,0,0,81,0,17,0,0,80
1986,CAL,0,17,0,0,82,0,12,0,0,80
1986,CHA,0,12,0,0,81,1,6,1,0,81
1986,CHN,0,7,0,0,80,1,4,0,0,80
1986,CIN,0,7,0,0,81,0,7,0,0,81
1986,CLE,0,17,0,0,81,0,14,0,0,81
1986,DET,0,20,0,0,81,0,13,0,0,81
1986,HOU,0,12,1,0,81,0,6,0,0,81
1986,KCA,0,11,0,0,81,0,13,0,0,81
1986,LAN,0,20,0,0,81,0,15,0,0,81
1986,MIL,0,19,0,0,80,0,10,0,0,81
1986,MIN,0,16,0,0,81,0,23,0,0,81
1986,MON,0,10,0,0,80,0,5,0,0,81
1986,NYA,0,6,0,0,80,0,7,0,0,82
1986,NYN,0,18,0,0,81,0,9,0,0,81
1986,OAK,0,11,0,0,83,0,11,0,0,79
1986,PHI,0,14,0,0,80,0,8,0,0,81
1986,PIT,0,6,0,0,81,0,11,0,0,81
1986,SDN,0,8,0,0,81,0,5,0,0,81
1986,SEA,1,14,0,0,82,1,19,0,0,80
1986,SFN,0,14,0,0,81,0,4,0,0,81
1986,SLN,0,9,0,0,81,0,8,0,0,80
1986,TEX,0,9,0,0,81,0,6,0,0,81
1986,TOR,0,7,0,0,81,0,9,0,0,82
1987,ATL,0,5,0,0,81,0,11,0,0,80
1987,BAL,0,9,0,0,81,0,8,0,0,80
1987,BOS,0,25,0,0,80,0,22,0,0,82
1987,CAL,0,8,0,0,81,0,12,0,0,81
1987,CHA,0,9,0,0,81,0,20,0,0,81
1987,CHN,0,6,0,0,80,0,5,0,0,81
1987,CIN,0,5,0,0,81,0,2,0,0,81
1987,CLE,0,13,0,0,81,0,11,0,0,81
1987,DET,0,23,0,0,81,0,10,0,0,81
1987,HOU,0,6,0,0,81,1,7,0,0,81
1987,KCA,0,23,0,0,81,0,21,0,0,81
1987,LAN,0,21,0,0,81,0,8,0,0,81
1987,MIL,0,15,0,0,81,0,13,1,0,81
1987,MIN,0,6,0,0,81,0,10,0,0,81
1987,MON,0,10,0,0,81,0,6,0,0,81
1987,NYA,0,10,0,0,81,0,9,0,0,81
1987,NYN,0,9,0,0,81,0,7,0,0,81
1987,OAK,0,12,0,0,81,0,6,0,0,81
1987,PHI,0,6,0,0,81,0,7,0,0,81
1987,PIT,1,11,0,0,81,0,14,0,0,81
1987,SDN,0,9,0,0,81,0,5,0,0,81
1987,SEA,0,21,0,0,81,0,18,0,0,81
1987,SFN,0,13,0,0,81,0,6,0,0,81
1987,SLN,0,5,0,0,81,0,5,0,0,81
1987,TEX,0,12,0,0,81,0,8,0,0,80
1987,TOR,0,10,0,0,81,0,8,0,0,81
1988,ATL,0,5,0,0,79,0,9,0,0,81
1988,BAL,0,11,0,0,79,0,9,0,0,81
1988,BOS,0,10,0,0,81,0,16,0,0,81
1988,CAL,0,17,0,0,81,0,9,0,0,81
1988,CHA,0,6,0,0,81,0,5,0,0,80
1988,CHN,0,14,0,0,82,0,16,0,0,81
1988,CIN,0,10,1,1,80,0,14,0,0,81
1988,CLE,0,19,0,0,81,0,16,0,0,81
1988,DET,0,19,0,0,81,0,15,0,0,81
1988,HOU,0,10,0,0,81,0,11,0,0,81
1988,KCA,1,15,0,0,80,0,14,0,0,81
1988,LAN,0,18,0,0,81,0,14,0,0,81
1988,MIL,0,12,0,0,81,0,18,0,0,80
1988,MIN,1,8,0,0,81,1,10,0,0,81
1988,MON,0,7,0,0,81,0,11,1,0,82
1988,NYA,0,11,0,0,80,0,5,0,0,81
1988,NYN,0,23,0,0,80,0,8,0,0,80
1988,OAK,0,12,0,0,81,0,10,0,0,81
1988,PHI,0,9,0,0,81,0,7,0,0,81
1988,PIT,0,7,0,0,81,0,5,0,0,79
1988,SDN,0,16,0,0,81,0,14,0,0,80
1988,SEA,0,13,0,0,81,0,15,0,0,80
1988,SFN,0,14,0,0,81,0,11,0,0,81
1988,SLN,1,8,0,0,81,0,9,0,0,81
1988,TEX,0,22,0,0,81,0,19,0,0,80
1988,TOR,0,7,0,0,81,0,9,0,0,81
1989,ATL,0,7,0,0,79,0,8,0,0,82
1989,BAL,1,9,0,0,80,0,7,0,0,81
1989,BOS,0,6,0,0,81,0,8,0,0,80
1989,CAL,0,15,0,0,81,0,17,0,0,81
1989,CHA,0,5,0,0,80,0,4,0,0,81
1989,CHN,0,10,0,0,81,0,8,0,0,81
1989,CIN,1,8,0,0,81,0,8,0,0,81
1989,CLE,0,12,0,0,81,0,11,0,0,81
1989,DET,0,9,0,0,81,0,15,0,0,81
1989,HOU,0,8,0,0,82,0,11,0,0,80
1989,KCA,0,11,0,0,81,0,16,0,0,81
1989,LAN,0,13,0,0,81,0,12,0,0,79
1989,MIL,0,8,0,0,81,0,8,0,0,81
1989,MIN,0,7,0,0,81,0,12,0,0,81
1989,MON,1,12,0,0,81,0,8,0,0,81
1989,NYA,0,8,0,0,81,0,7,0,0,80
1989,NYN,0,10,0,0,81,1,14,0,0,81
1989,OAK,0,12,0,0,81,0,5,0,0,81
1989,PHI,0,9,0,0,81,0,1,0,0,82
1989,PIT,0,9,0,0,81,0,11,0,0,83
1989,SDN,0,11,0,0,81,1,10,0,0,81
1989,SEA,0,5,0,0,81,0,10,0,0,81
1989,SFN,0,9,0,0,81,0,3,0,0,81
1989,SLN,0,9,0,0,83,0,9,0,0,81
1989,TEX,0,11,0,0,81,0,15,0,0,81
1989,TOR,0,11,0,0,81,0,1,0,0,81
1990,ATL,0,12,0,0,81,0,5,0,0,81
1990,BAL,0,6,0,0,80,1,4,0,0,81
1990,BOS,0,7,0,0,80,0,8,0,0,81
1990,CAL,0,14,0,0,81,0,7,0,0,81
1990,CHA,0,3,0,0,80,0,14,1,0,82
1990,CHN,0,8,0,0,81,0,5,0,0,81
1990,CIN,0,7,0,0,81,0,7,0,0,81
1990,CLE,0,3,0,0,81,0,9,0,0,81
1990,DET,0,4,0,0,81,0,11,0,0,80
1990,HOU,0,8,0,0,81,1,4,0,0,81
1990,KCA,0,9,0,0,81,0,9,0,0,80
1990,LAN,0,18,1,0,81,0,11,0,0,81
1990,MIL,0,12,0,0,81,0,11,0,0,81
1990,MIN,0,7,0,0,81,2,6,0,0,81
1990,MON,0,10,0,0,81,0,8,0,0,81
1990,NYA,0,6,0,0,81,0,9,1,0,81
1990,NYN,0,11,0,0,81,0,7,0,0,81
1990,OAK,0,11,0,0,81,0,7,1,0,81
1990,PHI,0,7,1,1,81,0,11,0,0,81
1990,PIT,0,11,0,0,81,0,7,0,0,81
1990,SDN,0,10,0,0,81,0,11,0,0,81
1990,SEA,0,11,1,0,81,0,10,0,0,81
1990,SFN,0,7,0,0,81,0,7,0,0,81
1990,SLN,0,4,0,0,81,0,4,0,0,81
1990,TEX,0,15,0,0,82,0,10,1,0,80
1990,TOR,0,1,0,0,81,0,5,1,0,81
1991,ATL,0,6,0,0,81,0,12,0,0,81
1991,BAL,0,3,0,0,80,0,5,0,0,81
1991,BOS,0,7,0,0,81,0,8,0,0,81
1991,CAL,0,10,0,0,81,0,8,0,0,81
1991,CHA,0,10,0,0,81,0,17,1,0,80
1991,CHN,0,4,0,0,83,0,8,0,0,77
1991,CIN,0,2,0,0,81,0,5,0,0,81
1991,CLE,0,15,0,0,82,0,7,0,0,80
1991,DET,0,5,0,0,81,0,13,0,0,81
1991,HOU,1,5,0,0,81,1,2,0,0,81
1991,KCA,0,8,1,0,81,0,9,0,0,81
1991,LAN,0,9,0,0,81,0,6,0,0,81
1991,MIL,0,9,0,0,80,0,14,0,0,82
1991,MIN,0,9,0,0,81,0,12,0,0,81
1991,MON,1,6,0,0,68,0,6,1,1,93
1991,NYA,0,1,0,0,81,0,2,0,0,81
1991,NYN,0,6,0,0,82,0,6,0,0,79
1991,OAK,0,9,0,0,81,0,5,0,0,81
1991,PHI,1,7,0,0,83,0,9,1,0,79
1991,PIT,0,10,0,0,84,0,8,0,0,78
1991,SDN,0,5,0,0,81,0,9,0,0,81
1991,SEA,0,8,0,0,81,2,2,0,0,81
1991,SFN,0,8,0,0,81,0,2,0,0,81
1991,SLN,0,7,0,0,84,1,2,0,0,78
1991,TEX,0,4,1,0,81,0,5,0,0,81
1991,TOR,0,3,0,0,81,0,7,0,0,81
1992,ATL,0,15,0,0,81,0,11,0,0,81
1992,BAL,1,10,0,0,80,0,9,0,0,81
1992,BOS,0,8,0,0,81,0,14,1,0,81
1992,CAL,0,15,0,0,81,0,11,0,0,81
1992,CHA,0,12,0,0,82,0,9,0,0,80
1992,CHN,0,13,0,0,81,0,3,0,0,81
1992,CIN,0,3,0,0,81,0,6,0,0,81
1992,CLE,0,7,0,0,81,1,5,0,0,80
1992,DET,1,5,0,0,80,0,5,0,0,82
1992,HOU,0,3,0,0,81,0,2,0,0,81
1992,KCA,0,6,0,0,81,0,3,0,0,81
1992,LAN,0,13,1,0,81,0,5,0,0,81
1992,MIL,0,10,0,0,81,0,9,0,0,81
1992,MIN,0,10,0,0,81,0,6,0,0,81
1992,MON,0,4,0,0,81,0,7,0,0,81
1992,NYA,0,6,0,0,81,0,14,0,0,81
1992,NYN,0,8,0,0,81,0,9,0,0,81
1992,OAK,0,4,0,0,81,0,4,0,0,81
1992,PHI,0,15,0,0,81,1,12,0,0,81
1992,PIT,0,9,0,0,81,0,11,0,0,81
1992,SDN,0,5,0,0,81,0,4,0,0,81
1992,SEA,1,10,0,0,81,0,11,0,0,81
1992,SFN,0,7,0,0,81,0,2,0,0,81
1992,SLN,0,6,0,0,81,0,4,0,0,81
1992,TEX,0,6,0,0,81,0,13,0,0,81
1992,TOR,0,7,0,0,81,0,11,0,0,81
1993,ATL,0,8,0,0,81,0,10,0,0,81
1993,BAL,0,12,0,0,80,0,9,0,0,81
1993,BOS,0,4,0,0,81,0,5,0,0,81
1993,CAL,0,12,0,0,81,0,14,0,0,81
1993,CHA,0,6,0,0,81,0,10,0,0,81
1993,CHN,0,4,0,0,82,0,4,0,0,81
1993,CIN,0,4,0,0,81,0,7,0,0,81
1993,CLE,0,4,0,0,81,0,3,0,0,81
1993,COL,0,4,0,0,81,0,5,0,0,81
1993,DET,0,7,0,0,81,0,4,0,0,81
1993,FLO,0,2,0,0,81,0,2,0,0,81
1993,HOU,0,12,1,0,81,0,6,0,0,81
1993,KCA,0,7,0,0,81,0,9,0,0,81
1993,LAN,0,10,0,0,81,0,7,0,0,81
1993,MIL,0,12,0,0,81,0,14,0,0,81
1993,MIN,0,3,0,0,81,0,2,0,0,81
1993,MON,1,5,0,0,81,1,3,0,0,82
1993,NYA,0,8,1,0,81,0,3,0,0,81
1993,NYN,0,10,0,0,81,0,6,0,0,81
1993,OAK,0,5,0,0,81,0,3,0,0,81
1993,PHI,0,13,0,0,81,0,11,0,0,81
1993,PIT,1,9,0,0,81,0,3,0,0,81
1993,SDN,0,5,0,0,81,0,3,0,0,81
1993,SEA,0,11,1,0,81,0,11,0,0,81
1993,SFN,0,3,0,0,81,0,1,0,0,81
1993,SLN,1,3,0,0,81,0,2,0,0,81
1993,TEX,0,12,0,0,81,0,8,0,0,80
1993,TOR,0,7,0,0,81,0,4,0,0,81
1994,ATL,0,9,0,0,55,0,7,1,0,59
1994,BAL,0,6,0,0,55,0,7,0,0,57
1994,BOS,1,3,0,0,64,0,3,0,0,51
1994,CAL,0,5,0,0,63,0,6,0,0,52
1994,CHA,0,10,0,0,53,0,3,0,0,60
1994,CHN,0,1,0,0,59,0,4,0,0,54
1994,CIN,0,2,0,0,59,0,4,0,0,55
1994,CLE,0,10,0,0,51,0,7,0,0,62
1994,COL,0,3,0,0,57,0,1,0,0,60
1994,DET,0,8,0,0,58,0,7,0,0,57
1994,FLO,0,2,0,0,59,0,3,0,0,56
1994,HOU,0,6,0,0,59,0,3,0,0,56
1994,KCA,1,2,0,0,59,0,3,0,0,56
1994,LAN,0,9,0,0,55,0,5,0,0,59
1994,MIL,0,5,0,0,56,0,6,0,0,59
1994,MIN,0,5,1,0,59,0,1,0,0,54
1994,MON,0,1,0,0,52,0,3,0,0,62
1994,NYA,0,6,0,0,57,0,2,0,0,56
1994,NYN,0,1,0,0,53,0,6,0,0,60
1994,OAK,0,8,0,0,56,0,4,0,0,58
1994,PHI,0,5,0,0,60,0,2,0,0,55
1994,PIT,0,6,0,0,61,0,2,0,0,53
1994,SDN,0,5,0,0,57,0,3,0,0,60
1994,SEA,0,5,0,0,44,0,8,0,0,68
1994,SFN,0,1,0,0,60,0,1,0,0,55
1994,SLN,0,3,0,0,56,0,4,0,0,58
1994,TEX,0,5,1,1,63,0,5,0,0,51
1994,TOR,0,5,0,0,59,0,8,0,0,56
1995,ATL,0,5,0,0,72,0,13,0,0,72
1995,BAL,0,10,0,0,72,0,9,0,0,72
1995,BOS,0,4,0,0,72,0,3,0,0,72
1995,CAL,0,5,0,0,72,0,3,0,0,73
1995,CHA,0,5,0,0,72,0,7,0,0,73
1995,CHN,0,3,0,0,72,0,3,0,0,72
1995,CIN,1,5,0,0,72,1,3,0,0,72
1995,CLE,0,7,0,0,72,0,3,0,0,72
1995,COL,0,0,0,0,72,0,1,0,0,72
1995,DET,0,4,0,0,72,0,1,0,0,72
1995,FLO,0,5,0,0,70,0,7,0,0,72
1995,HOU,0,4,0,0,72,0,2,0,0,72
1995,KCA,0,7,0,0,72,0,4,0,0,72
1995,LAN,0,7,1,0,72,0,9,0,0,71
1995,MIL,0,2,0,0,72,0,5,0,0,72
1995,MIN,0,4,0,0,72,0,3,0,0,72
1995,MON,0,5,0,0,72,0,2,0,0,72
1995,NYA,0,11,0,0,73,0,7,0,0,72
1995,NYN,0,3,0,0,72,0,6,0,0,72
1995,OAK,0,6,0,0,72,0,2,0,0,72
1995,PHI,0,4,0,0,72,0,4,0,0,72
1995,PIT,0,6,0,0,72,0,5,0,0,72
1995,SDN,0,4,0,0,72,0,2,0,0,72
1995,SEA,1,5,0,0,73,0,4,0,0,72
1995,SFN,0,6,0,0,72,0,6,0,0,72
1995,SLN,0,3,0,0,72,0,1,0,0,71
1995,TEX,0,9,0,0,72,0,5,0,0,72
1995,TOR,0,7,0,0,72,0,9,0,0,72
1996,ATL,0,7,0,0,81,0,7,0,0,81
1996,BAL,0,6,0,0,82,0,7,0,0,81
1996,BOS,0,8,0,0,81,0,9,0,0,81
1996,CAL,0,5,0,0,81,1,7,0,0,80
1996,CHA,0,3,0,0,81,1,4,0,0,80
1996,CHN,0,5,0,0,81,0,5,0,0,81
1996,CIN,0,5,0,0,81,0,1,0,0,81
1996,CLE,0,4,0,0,80,0,9,0,0,81
1996,COL,0,5,0,0,81,0,0,0,0,81
1996,DET,0,8,0,0,81,0,2,0,0,81
1996,FLO,0,5,1,0,81,0,3,0,0,81
1996,HOU,0,9,0,0,81,0,4,0,0,81
1996,KCA,0,9,0,0,80,1,8,0,0,81
1996,LAN,0,4,0,0,81,1,2,1,0,81
1996,MIL,0,1,0,0,81,0,5,0,0,81
1996,MIN,0,7,0,0,82,0,6,0,0,80
1996,MON,0,6,0,0,81,0,5,0,0,81
1996,NYA,0,5,1,0,80,0,1,0,0,82
1996,NYN,0,3,0,0,81,0,7,0,0,81
1996,OAK,1,1,0,0,81,0,6,0,0,81
1996,PHI,0,5,0,0,81,0,7,0,0,81
1996,PIT,0,3,0,0,80,0,2,0,0,82
1996,SDN,0,2,0,0,81,0,3,0,0,81
1996,SEA,0,2,0,0,80,0,2,0,0,80
1996,SFN,0,4,0,0,82,0,5,0,0,80
1996,SLN,0,6,0,0,81,0,7,0,0,81
1996,TEX,0,8,0,0,81,0,11,0,0,82
1996,TOR,0,9,0,0,81,0,10,0,0,81
1997,ANA,1,3,0,0,82,0,6,0,0,80
1997,ATL,0,10,0,0,81,0,11,0,0,81
1997,BAL,0,4,0,0,81,0,4,0,0,81
1997,BOS,0,3,0,0,81,0,4,0,0,81
1997,CHA,0,3,0,0,81,0,3,0,0,80
1997,CHN,0,3,0,0,81,1,3,0,0,81
1997,CIN,0,2,0,0,80,0,3,0,0,81
1997,CLE,0,2,0,0,81,0,2,0,0,80
1997,COL,0,4,0,0,81,0,5,0,0,80
1997,DET,0,8,0,0,81,0,5,0,0,81
1997,FLO,0,4,0,0,81,0,8,1,0,81
1997,HOU,0,10,0,0,81,0,6,0,0,81
1997,KCA,0,7,0,0,80,0,4,0,0,81
1997,LAN,0,4,0,0,81,0,2,0,0,81
1997,MIL,1,5,0,0,80,0,1,0,0,81
1997,MIN,0,6,0,0,81,0,4,0,0,81
1997,MON,0,16,0,0,81,0,11,0,0,81
1997,NYA,0,4,0,0,80,0,7,0,0,82
1997,NYN,0,5,0,0,81,0,2,0,0,81
1997,OAK,0,0,0,0,81,0,2,0,0,81
1997,PHI,0,8,0,0,81,0,5,0,0,81
1997,PIT,0,5,0,0,81,0,1,0,0,81
1997,SDN,0,2,0,0,81,1,3,0,0,81
1997,SEA,0,5,0,0,81,0,4,0,0,81
1997,SFN,0,1,0,0,81,0,4,0,0,81
1997,SLN,0,1,0,0,81,0,4,0,0,81
1997,TEX,0,4,0,0,81,0,4,0,0,81
1997,TOR,0,13,0,0,81,0,6,0,0,81
1998,ANA,0,2,0,0,81,0,1,0,0,81
1998,ARI,0,2,0,0,81,0,5,0,0,81
1998,ATL,0,10,0,0,81,0,14,0,0,81
1998,BAL,0,10,0,0,80,0,6,0,0,81
1998,BOS,0,2,0,0,81,0,3,0,0,81
1998,CHA,0,4,0,0,82,0,4,0,0,81
1998,CHN,0,3,0,0,82,0,4,0,0,81
1998,CIN,0,3,0,0,81,0,3,0,0,81
1998,CLE,0,3,0,0,81,0,6,0,0,81
1998,COL,0,4,0,0,81,0,5,0,0,81
1998,DET,0,3,0,0,81,0,6,0,0,81
1998,FLO,0,5,0,0,81,0,6,0,0,81
1998,HOU,0,7,0,0,81,0,5,0,0,81
1998,KCA,0,2,0,0,80,0,4,0,0,80
1998,LAN,1,9,0,0,81,0,7,0,0,81
1998,MIL,0,1,0,0,81,0,1,0,0,81
1998,MIN,0,2,0,0,81,0,5,0,0,81
1998,MON,0,2,0,0,81,0,2,0,0,81
1998,NYA,0,9,1,1,81,0,13,0,0,81
1998,NYN,1,6,0,0,81,0,3,0,0,81
1998,OAK,0,7,0,0,81,0,5,0,0,81
1998,PHI,0,9,0,0,81,1,12,0,0,81
1998,PIT,0,3,0,0,81,0,4,0,0,82
1998,SDN,0,11,0,0,81,0,3,0,0,81
1998,SEA,0,10,0,0,81,0,7,0,0,80
1998,SFN,0,3,0,0,81,1,3,0,0,82
1998,SLN,0,3,0,0,82,0,3,0,0,81
1998,TBA,0,1,0,0,81,0,6,0,0,81
1998,TEX,0,4,0,0,81,0,6,0,0,81
1998,TOR,0,7,0,0,81,0,3,0,0,82
1999,ANA,0,3,0,0,81,0,1,0,0,81
1999,ARI,0,7,0,0,81,0,9,0,0,81
1999,ATL,0,7,0,0,81,0,2,0,0,81
1999,BAL,0,8,0,0,81,0,9,0,0,81
1999,BOS,0,3,0,0,81,0,3,0,0,81
1999,CHA,0,2,0,0,81,0,4,0,0,81
1999,CHN,0,6,0,0,81,0,5,0,0,81
1999,CIN,0,2,0,0,82,0,4,0,0,81
1999,CLE,0,0,0,0,81,0,3,0,0,81
1999,COL,0,4,0,0,81,0,8,0,0,80
1999,DET,0,4,0,0,81,0,0,0,0,80
1999,FLO,0,4,0,0,80,0,2,0,0,82
1999,HOU,0,8,0,0,82,0,4,0,0,80
1999,KCA,0,6,0,0,80,0,5,0,0,81
1999,LAN,0,5,0,0,81,0,3,0,0,81
1999,MIL,1,1,0,0,80,0,1,0,0,81
1999,MIN,0,1,1,0,81,0,12,0,0,80
1999,MON,0,4,0,0,81,0,2,0,0,81
1999,NYA,0,3,1,1,81,0,3,0,0,81
1999,NYN,0,2,0,0,81,0,3,0,0,82
1999,OAK,0,2,0,0,81,0,4,0,0,81
1999,PHI,1,4,0,0,81,0,7,0,0,81
1999,PIT,0,3,0,0,81,0,5,0,0,80
1999,SDN,0,2,0,0,80,0,3,0,0,81
1999,SEA,0,5,0,0,81,0,2,0,0,81
1999,SFN,0,3,0,0,81,1,3,0,0,81
1999,SLN,0,3,0,0,80,0,2,1,0,81
1999,TBA,0,4,0,0,81,0,2,0,0,81
1999,TEX,0,3,0,0,81,1,3,0,0,81
1999,TOR,0,9,0,0,81,0,5,0,0,81
2000,ANA,0,3,0,0,81,0,2,0,0,81
2000,ARI,1,9,0,0,81,0,7,0,0,81
2000,ATL,0,7,0,0,81,1,6,0,0,81
2000,BAL,0,6,0,0,81,1,8,0,0,81
2000,BOS,0,2,0,0,81,0,5,0,0,81
2000,CHA,0,2,0,0,81,0,3,0,0,81
2000,CHN,0,4,0,0,81,0,6,0,0,80
2000,CIN,0,2,0,0,82,0,6,0,0,81
2000,CLE,0,1,0,0,81,0,5,0,0,81
2000,COL,0,3,0,0,81,0,4,0,0,81
2000,DET,0,3,0,0,81,0,3,0,0,81
2000,FLO,0,1,0,0,81,0,4,0,0,80
2000,HOU,0,4,0,0,81,0,4,0,0,81
2000,KCA,0,5,0,0,81,0,5,0,0,81
2000,LAN,0,5,0,0,81,0,4,0,0,81
2000,MIL,0,1,0,0,81,0,1,0,0,82
2000,MIN,0,3,0,0,81,0,3,0,0,81
2000,MON,1,1,0,0,81,0,3,0,0,81
2000,NYA,0,6,0,0,80,0,3,0,0,81
2000,NYN,0,5,0,0,80,0,3,0,0,81
2000,OAK,0,5,0,0,81,1,2,0,0,80
2000,PHI,0,1,0,0,81,0,7,0,0,81
2000,PIT,0,4,0,0,81,0,1,0,0,81
2000,SDN,0,2,0,0,81,0,3,0,0,81
2000,SEA,0,2,0,0,81,0,2,0,0,81
2000,SFN,0,8,0,0,81,0,1,0,0,81
2000,SLN,0,5,0,0,81,0,5,0,0,81
2000,TBA,0,5,0,0,80,0,5,0,0,81
2000,TEX,0,0,0,0,81,0,3,0,0,81
2000,TOR,0,8,0,0,81,0,7,0,0,81
2001,ANA,0,1,0,0,81,0,5,0,0,81
2001,ARI,0,7,0,0,81,0,5,0,0,81
2001,ATL,0,3,0,0,81,0,2,0,0,81
2001,BAL,0,3,0,0,80,0,7,0,0,82
2001,BOS,0,1,0,0,81,0,2,1,0,80
2001,CHA,0,3,0,0,81,0,5,0,0,81
2001,CHN,0,4,0,0,81,0,4,0,0,81
2001,CIN,0,2,0,0,81,0,0,0,0,81
2001,CLE,0,1,0,0,80,0,2,0,0,82
2001,COL,0,4,0,0,81,0,4,0,0,81
2001,DET,1,9,0,0,81,0,7,0,0,81
2001,FLO,0,1,0,0,80,0,4,1,0,82
2001,HOU,0,5,0,0,81,0,2,0,0,81
2001,KCA,0,0,0,0,81,0,5,0,0,81
2001,LAN,0,1,0,0,81,0,2,0,0,81
2001,MIL,0,1,0,0,81,0,2,0,0,81
2001,MIN,0,7,0,0,81,0,5,0,0,81
2001,MON,0,2,0,0,81,0,3,0,0,81
2001,NYA,0,3,0,0,80,0,4,0,0,81
2001,NYN,0,2,0,0,81,0,4,0,0,81
2001,OAK,0,9,0,0,81,0,4,0,0,81
2001,PHI,0,4,0,0,81,0,4,0,0,81
2001,PIT,0,5,0,0,81,0,3,0,0,81
2001,SDN,0,2,0,0,81,0,3,0,0,81
2001,SEA,0,4,0,0,81,0,4,0,0,81
2001,SFN,0,2,0,0,81,0,1,0,0,81
2001,SLN,0,2,0,0,82,0,6,1,0,80
2001,TBA,0,0,0,0,81,0,1,0,0,81
2001,TEX,0,1,0,0,82,1,3,0,0,79
2001,TOR,0,4,0,0,81,0,3,0,0,80
2002,ANA,0,2,0,0,80,0,5,0,0,81
2002,ARI,0,8,0,0,81,0,6,0,0,81
2002,ATL,0,2,0,0,81,0,1,0,0,80
2002,BAL,0,5,0,0,81,0,3,0,0,81
2002,BOS,0,3,1,0,81,0,2,0,0,81
2002,CHA,0,3,0,0,81,0,4,0,0,81
2002,CHN,0,4,0,0,81,0,7,0,0,81
2002,CIN,0,0,0,0,81,0,2,0,0,81
2002,CLE,0,1,0,0,81,0,7,0,0,80
2002,COL,0,0,0,0,81,0,1,0,0,81
2002,DET,0,6,0,0,80,0,5,0,0,81
2002,FLO,0,7,0,0,81,1,4,0,0,81
2002,HOU,0,2,0,0,81,0,0,0,0,81
2002,KCA,0,7,0,0,81,0,5,0,0,81
2002,LAN,0,2,0,0,81,0,2,0,0,81
2002,MIL,0,3,0,0,81,0,4,0,0,81
2002,MIN,0,5,0,0,81,0,3,0,0,80
2002,MON,1,7,0,0,81,0,2,0,0,81
2002,NYA,0,6,0,0,80,0,3,0,0,81
2002,NYN,0,3,0,0,81,1,6,0,0,80
2002,OAK,0,6,0,0,81,0,3,0,0,81
2002,PHI,0,3,0,0,80,0,2,0,0,81
2002,PIT,0,1,0,0,80,0,1,0,0,81
2002,SDN,0,3,0,0,81,0,2,0,0,81
2002,SEA,0,5,0,0,81,0,3,0,0,81
2002,SFN,0,5,0,0,81,0,5,0,0,81
2002,SLN,0,3,0,0,81,1,1,0,0,81
2002,TBA,0,6,0,0,81,1,6,0,0,80
2002,TEX,1,2,0,0,81,0,2,0,0,81
2002,TOR,0,4,0,0,81,0,2,0,0,81
2003,ANA,0,3,0,0,81,0,2,0,0,80
2003,ARI,0,3,0,0,81,0,4,0,0,81
2003,ATL,0,2,0,0,81,1,2,0,0,81
2003,BAL,0,3,0,0,81,0,6,0,0,82
2003,BOS,0,4,0,0,81,0,1,0,0,81
2003,CHA,0,6,0,0,81,0,6,0,0,81
2003,CHN,0,8,0,0,81,0,5,0,0,81
2003,CIN,0,1,0,0,81,0,3,0,0,81
2003,CLE,0,2,0,0,81,0,3,0,0,81
2003,COL,1,1,0,0,81,0,2,0,0,81
2003,DET,0,1,0,0,81,0,2,0,0,81
2003,FLO,0,6,0,0,81,0,1,0,0,81
2003,HOU,0,0,0,0,81,0,1,0,0,81
2003,KCA,0,2,0,0,80,0,5,0,0,82
2003,LAN,0,1,0,0,81,0,2,0,0,81
2003,MIL,0,1,0,0,81,0,4,0,0,81
2003,MIN,0,1,0,0,81,0,6,0,0,81
2003,MON,0,8,0,0,81,0,7,0,0,81
2003,NYA,0,3,0,0,82,0,5,0,0,81
2003,NYN,0,2,0,0,80,0,1,0,0,81
2003,OAK,0,9,0,0,81,0,7,0,0,81
2003,PHI,0,4,1,0,81,0,5,0,0,81
2003,PIT,0,2,0,0,81,0,5,0,0,81
2003,SDN,0,0,0,0,81,0,2,0,0,81
2003,SEA,0,3,0,0,81,0,5,0,0,81
2003,SFN,0,4,0,0,81,0,3,0,0,80
2003,SLN,0,5,0,0,81,0,4,0,0,81
2003,TBA,0,3,0,0,81,0,4,0,0,81
2003,TEX,0,0,0,0,81,0,4,0,0,80
2003,TOR,0,6,0,0,81,0,8,0,0,81
2004,ANA,0,1,0,0,81,0,1,0,0,81
2004,ARI,0,1,0,0,81,0,4,1,1,81
2004,ATL,1,2,0,0,81,0,2,0,0,81
2004,BAL,0,4,0,0,81,0,4,0,0,81
2004,BOS,0,2,0,0,81,0,2,0,0,81
2004,CHA,1,1,0,0,81,0,7,0,0,81
2004,CHN,0,3,0,0,82,0,0,0,0,80
2004,CIN,0,4,0,0,81,0,1,0,0,81
2004,CLE,0,4,0,0,81,0,4,0,0,81
2004,COL,0,2,0,0,81,0,1,0,0,81
2004,DET,0,2,0,0,81,0,5,0,0,81
2004,FLO,0,1,0,0,80,0,5,0,0,82
2004,HOU,0,2,0,0,81,1,0,0,0,81
2004,KCA,0,3,0,0,80,0,3,0,0,82
2004,LAN,0,2,0,0,81,0,0,0,0,81
2004,MIL,0,3,0,0,81,0,3,0,0,80
2004,MIN,0,4,0,0,81,0,0,0,0,81
2004,MON,0,3,0,0,80,0,8,0,0,82
2004,NYA,0,0,0,0,81,0,1,0,0,80
2004,NYN,0,2,0,0,81,0,0,0,0,81
2004,OAK,0,5,0,0,81,0,5,0,0,81
2004,PHI,0,3,0,0,81,0,1,0,0,81
2004,PIT,0,1,0,0,80,0,2,0,0,81
2004,SDN,0,2,0,0,81,0,1,0,0,81
2004,SEA,0,3,0,0,82,0,4,0,0,80
2004,SFN,0,3,0,0,82,0,5,0,0,80
2004,SLN,0,2,0,0,81,0,2,0,0,81
2004,TBA,0,2,0,0,79,0,1,0,0,81
2004,TEX,0,3,0,0,81,0,2,0,0,81
2004,TOR,0,3,0,0,81,0,3,0,0,80
2005,ANA,0,4,0,0,81,0,3,0,0,81
2005,ARI,0,1,0,0,81,0,5,0,0,81
2005,ATL,0,6,0,0,81,0,2,0,0,81
2005,BAL,0,1,0,0,81,0,1,0,0,81
2005,BOS,0,4,0,0,81,0,2,0,0,80
2005,CHA,0,6,0,0,81,0,3,0,0,81
2005,CHN,0,7,0,0,81,0,1,0,0,81
2005,CIN,0,2,0,0,82,0,0,0,0,81
2005,CLE,0,2,0,0,81,0,4,0,0,81
2005,COL,0,3,0,0,81,0,1,0,0,81
2005,DET,0,2,0,0,81,0,5,0,0,81
2005,FLO,0,8,0,0,81,0,6,0,0,81
2005,HOU,0,5,0,0,81,0,1,0,0,82
2005,KCA,0,2,0,0,81,0,2,0,0,81
2005,LAN,0,4,0,0,81,0,2,0,0,81
2005,MIL,0,3,0,0,81,0,4,0,0,81
2005,MIN,0,5,0,0,81,0,4,0,0,81
2005,NYA,0,4,0,0,80,0,4,0,0,81
2005,NYN,0,5,0,0,81,0,3,0,0,81
2005,OAK,0,6,0,0,81,0,3,0,0,81
2005,PHI,0,1,0,0,81,0,3,0,0,81
2005,PIT,0,2,0,0,81,0,2,0,0,81
2005,SDN,0,1,0,0,81,0,3,0,0,81
2005,SEA,0,1,0,0,81,0,5,0,0,81
2005,SFN,0,3,0,0,81,0,1,0,0,81
2005,SLN,1,8,0,0,81,0,7,0,0,81
2005,TBA,0,1,0,0,81,0,0,0,0,81
2005,TEX,0,1,0,0,81,0,1,0,0,81
2005,TOR,0,4,0,0,81,0,5,0,0,81
2005,WAS,0,2,0,0,81,0,2,0,0,81
2006,ANA,0,1,0,0,81,0,4,0,0,81
2006,ARI,0,4,0,0,81,0,4,0,0,81
2006,ATL,0,4,0,0,81,0,2,0,0,81
2006,BAL,0,2,0,0,81,0,3,0,0,81
2006,BOS,0,2,1,0,81,0,1,0,0,81
2006,CHA,1,3,0,0,80,1,2,0,0,81
2006,CHN,0,1,0,0,81,0,1,0,0,81
2006,CIN,0,3,0,0,81,0,6,0,0,81
2006,CLE,0,8,0,0,81,0,5,0,0,80
2006,COL,0,3,0,0,81,0,2,0,0,81
2006,DET,0,0,0,0,81,0,3,0,0,81
2006,FLO,0,2,1,0,81,0,4,0,0,81
2006,HOU,0,4,0,0,81,0,1,0,0,81
2006,KCA,1,0,0,0,81,0,3,0,0,81
2006,LAN,0,1,0,0,81,0,0,0,0,81
2006,MIL,0,5,0,0,81,0,2,0,0,81
2006,MIN,1,0,0,0,81,0,1,0,0,81
2006,NYA,0,1,0,0,81,0,4,0,0,81
2006,NYN,0,2,0,0,81,0,3,0,0,81
2006,OAK,0,1,0,0,81,0,4,0,0,81
2006,PHI,0,3,0,0,81,0,1,0,0,81
2006,PIT,0,1,0,0,81,0,1,0,0,81
2006,SDN,0,1,0,0,81,0,3,0,0,81
2006,SEA,0,4,0,0,81,0,2,0,0,81
2006,SFN,0,4,0,0,81,0,3,0,0,80
2006,SLN,0,4,0,0,80,0,2,0,0,81
2006,TBA,1,1,0,0,81,0,2,0,0,81
2006,TEX,0,2,0,0,81,0,1,0,0,81
2006,TOR,0,4,0,0,81,0,2,0,0,81
2006,WAS,0,1,0,0,81,0,0,0,0,81
2007,ANA,0,2,0,0,81,0,3,0,0,81
2007,ARI,0,4,0,0,81,0,3,0,0,81
2007,ATL,0,0,0,0,81,0,1,0,0,81
2007,BAL,0,0,0,0,81,0,4,0,0,81
2007,BOS,0,3,1,0,81,0,2,0,0,81
2007,CHA,0,4,1,0,81,0,5,0,0,81
2007,CHN,0,2,0,0,81,0,0,0,0,81
2007,CIN,0,2,0,0,81,0,4,0,0,81
2007,CLE,1,4,0,0,80,0,5,0,0,82
2007,COL,1,1,0,0,82,0,3,0,0,81
2007,DET,0,1,1,0,81,0,0,0,0,81
2007,FLO,0,0,0,0,81,0,0,0,0,81
2007,HOU,0,2,0,0,81,0,0,0,0,81
2007,KCA,0,0,0,0,81,0,2,0,0,81
2007,LAN,0,1,0,0,81,0,3,0,0,81
2007,MIL,0,3,0,0,81,0,0,0,0,81
2007,MIN,0,2,0,0,81,0,3,0,0,81
2007,NYA,0,0,0,0,81,0,1,0,0,81
2007,NYN,0,2,0,0,81,0,0,0,0,80
2007,OAK,0,3,0,0,81,0,1,0,0,81
2007,PHI,1,2,0,0,81,1,3,0,0,81
2007,PIT,0,3,0,0,81,0,1,0,0,81
2007,SDN,0,1,0,0,81,0,0,0,0,82
2007,SEA,0,1,0,0,82,0,5,0,0,80
2007,SFN,0,2,0,0,81,0,3,0,0,81
2007,SLN,0,1,0,0,80,0,1,0,0,81
2007,TBA,0,1,0,0,81,0,1,0,0,81
2007,TEX,0,0,0,0,81,0,0,0,0,81
2007,TOR,0,7,0,0,81,0,4,0,0,81
2007,WAS,0,0,0,0,81,0,0,0,0,81
2008,ANA,0,3,0,0,81,0,4,0,0,81
2008,ARI,0,5,0,0,81,0,1,0,0,81
2008,ATL,0,1,0,0,81,0,1,0,0,81
2008,BAL,0,1,0,0,80,0,3,0,0,81
2008,BOS,0,1,1,0,81,0,4,0,0,80
2008,CHA,0,2,0,0,82,0,2,0,0,81
2008,CHN,0,1,0,0,81,0,1,1,0,80
2008,CIN,0,1,0,0,81,0,1,0,0,81
2008,CLE,1,5,0,0,81,0,5,0,0,81
2008,COL,0,3,0,0,81,0,0,0,0,81
2008,DET,0,1,0,0,81,0,0,0,0,81
2008,FLO,0,0,0,0,81,0,2,0,0,80
2008,HOU,0,1,0,0,80,0,3,0,0,81
2008,KCA,0,1,0,0,81,0,1,0,0,81
2008,LAN,0,4,0,0,81,0,1,0,0,81
2008,MIL,0,7,0,0,81,0,5,0,0,81
2008,MIN,0,2,0,0,81,0,3,0,0,82
2008,NYA,0,0,0,0,81,0,1,0,0,81
2008,NYN,0,4,0,0,81,0,1,0,0,81
2008,OAK,0,2,0,0,80,0,2,0,0,80
2008,PHI,0,4,0,0,81,0,0,0,0,81
2008,PIT,0,1,0,0,81,0,2,0,0,81
2008,SDN,0,1,0,0,81,0,2,0,0,81
2008,SEA,0,0,0,0,81,0,4,0,0,81
2008,SFN,1,1,0,0,81,0,3,0,0,81
2008,SLN,0,1,0,0,81,0,1,0,0,81
2008,TBA,0,3,0,0,81,0,4,0,0,81
2008,TEX,0,2,0,0,81,0,4,0,0,81
2008,TOR,0,7,0,0,81,0,8,0,0,81
2008,WAS,0,0,0,0,80,0,2,0,0,81
2009,ANA,0,7,0,0,81,0,2,0,0,81
2009,ARI,0,3,0,0,81,1,1,0,0,81
2009,ATL,0,0,0,0,81,0,3,0,0,80
2009,BAL,0,1,0,0,81,0,1,0,0,81
2009,BOS,0,6,0,0,81,0,2,0,0,81
2009,CHA,0,1,1,1,81,0,3,0,0,81
2009,CHN,0,2,0,0,80,0,1,0,0,81
2009,CIN,0,4,0,0,81,0,2,0,0,81
2009,CLE,0,3,0,0,81,0,2,0,0,81
2009,COL,0,1,0,0,81,0,4,0,0,81
2009,DET,0,2,0,0,81,0,2,0,0,82
2009,FLO,0,1,0,0,81,0,4,0,0,81
2009,HOU,0,1,0,0,81,0,4,0,0,81
2009,KCA,0,5,0,0,81,0,5,0,0,81
2009,LAN,0,1,0,0,81,0,0,0,0,81
2009,MIL,1,0,0,0,81,0,1,0,0,81
2009,MIN,0,3,0,0,82,0,1,0,0,81
2009,NYA,0,0,0,0,81,0,3,0,0,81
2009,NYN,0,2,0,0,81,0,1,0,0,81
2009,OAK,0,0,0,0,81,0,2,0,0,81
2009,PHI,0,4,0,0,80,1,4,0,0,81
2009,PIT,0,1,0,0,81,1,4,0,0,80
2009,SDN,0,1,0,0,81,0,1,0,0,81
2009,SEA,0,2,0,0,81,0,2,0,0,81
2009,SFN,0,5,1,1,81,0,6,0,0,81
2009,SLN,0,4,0,0,81,0,4,0,0,81
2009,TBA,0,2,0,0,81,0,1,0,0,81
2009,TEX,0,3,0,0,81,1,5,0,0,81
2009,TOR,0,8,0,0,81,0,2,0,0,81
2009,WAS,0,4,0,0,81,0,2,0,0,81
2010,ANA,0,5,0,0,81,0,5,0,0,81
2010,ARI,0,1,0,0,81,0,2,1,0,81
2010,ATL,0,0,0,0,81,0,2,0,0,81
2010,BAL,0,1,0,0,81,0,2,0,0,81
2010,BOS,0,1,0,0,80,0,2,0,0,81
2010,CHA,0,2,0,0,81,0,4,0,0,81
2010,CHN,0,0,0,0,81,0,1,0,0,81
2010,CIN,0,1,0,0,81,0,3,0,0,81
2010,CLE,0,6,0,0,81,0,4,0,0,81
2010,COL,0,2,0,0,81,0,4,1,0,81
2010,DET,0,2,0,0,81,0,4,0,0,81
2010,FLO,0,3,0,0,81,0,2,0,0,81
2010,HOU,0,3,0,0,81,0,1,0,0,81
2010,KCA,0,1,0,0,81,0,6,0,0,81
2010,LAN,0,3,0,0,81,0,1,0,0,81
2010,MIL,0,2,0,0,81,0,1,0,0,81
2010,MIN,0,3,0,0,81,0,6,0,0,81
2010,NYA,0,1,0,0,81,1,2,0,0,80
2010,NYN,0,6,0,0,81,1,3,0,0,81
2010,OAK,0,2,1,1,81,0,5,0,0,81
2010,PHI,0,6,0,0,81,0,8,1,1,81
2010,PIT,0,1,0,0,81,0,0,0,0,81
2010,SDN,0,0,0,0,81,1,2,0,0,81
2010,SEA,1,5,0,0,81,0,6,0,0,81
2010,SFN,0,2,0,0,81,0,4,0,0,81
2010,SLN,0,5,0,0,81,0,2,0,0,81
2010,TBA,0,3,1,0,81,0,3,0,0,81
2010,TEX,0,3,0,0,81,0,4,0,0,81
2010,TOR,0,3,0,0,81,0,2,0,0,81
2010,WAS,0,1,0,0,81,0,1,0,0,81
2011,ANA,0,7,0,0,81,0,5,1,0,81
2011,ARI,0,4,0,0,81,0,1,0,0,81
2011,ATL,0,2,0,0,81,0,1,0,0,81
2011,BAL,0,0,0,0,81,0,3,0,0,81
2011,BOS,1,0,0,0,81,0,2,0,0,81
2011,CHA,0,1,0,0,81,0,5,0,0,81
2011,CHN,0,2,0,0,81,0,2,0,0,81
2011,CIN,0,2,0,0,80,0,2,0,0,81
2011,CLE,1,0,0,0,81,0,2,0,0,81
2011,COL,0,1,0,0,81,0,4,0,0,81
2011,DET,0,2,0,0,81,0,2,1,0,81
2011,FLO,0,3,0,0,81,0,4,0,0,81
2011,HOU,0,0,0,0,81,0,2,0,0,81
2011,KCA,0,1,0,0,81,0,1,0,0,81
2011,LAN,0,5,0,0,81,0,2,0,0,80
2011,MIL,1,1,0,0,81,0,0,0,0,80
2011,MIN,0,5,0,0,81,0,2,1,0,81
2011,NYA,0,2,0,0,81,0,3,0,0,81
2011,NYN,0,3,0,0,81,0,3,0,0,81
2011,OAK,0,1,0,0,81,0,5,0,0,81
2011,PHI,0,8,0,0,81,0,10,0,0,81
2011,PIT,0,0,0,0,81,0,5,0,0,81
2011,SDN,0,0,0,0,81,0,0,0,0,81
2011,SEA,0,6,0,0,81,0,6,0,0,81
2011,SFN,0,2,0,0,81,0,1,0,0,81
2011,SLN,0,4,0,0,81,0,3,0,0,81
2011,TBA,1,8,0,0,81,0,7,0,0,81
2011,TEX,0,2,0,0,81,0,8,0,0,81
2011,TOR,0,1,0,0,81,0,6,0,0,81
2011,WAS,0,2,0,0,80,0,1,0,0,81
2012,ANA,0,4,1,0,81,0,2,0,0,81
2012,ARI,0,1,0,0,81,0,3,0,0,81
2012,ATL,0,3,0,0,81,0,2,0,0,81
2012,BAL,0,0,0,0,81,0,1,0,0,81
2012,BOS,0,2,0,0,81,0,4,0,0,81
2012,CHA,0,3,0,0,81,0,3,1,1,81
2012,CHN,0,0,0,0,81,0,1,0,0,81
2012,CIN,0,3,0,0,81,0,6,1,0,81
2012,CLE,0,1,0,0,81,0,1,0,0,81
2012,COL,0,0,0,0,81,0,0,0,0,81
2012,DET,0,5,0,0,81,0,4,0,0,81
2012,HOU,0,2,0,0,81,0,1,0,0,81
2012,KCA,0,1,0,0,81,0,1,0,0,81
2012,LAN,1,1,0,0,81,0,1,0,0,81
2012,MIA,0,1,0,0,81,0,4,0,0,81
2012,MIL,0,0,0,0,81,0,0,0,0,81
2012,MIN,0,2,0,0,81,0,1,0,0,81
2012,NYA,0,4,0,0,81,0,2,0,0,81
2012,NYN,0,5,1,0,81,0,2,0,0,81
2012,OAK,1,1,0,0,80,0,0,0,0,81
2012,PHI,0,1,0,0,81,0,4,0,0,81
2012,PIT,0,1,0,0,81,0,1,0,0,81
2012,SDN,0,2,0,0,81,0,2,0,0,81
2012,SEA,0,3,1,1,81,0,5,0,0,80
2012,SFN,0,4,1,1,81,0,1,0,0,81
2012,SLN,0,3,0,0,81,0,1,0,0,81
2012,TBA,0,4,0,0,81,0,3,0,0,81
2012,TEX,0,1,0,0,81,0,6,0,0,81
2012,TOR,0,1,0,0,81,1,4,0,0,81
2012,WAS,0,2,0,0,81,0,1,0,0,81
2013,ANA,0,2,0,0,81,0,2,0,0,81
2013,ARI,0,2,0,0,81,0,4,0,0,81
2013,ATL,0,0,0,0,81,0,1,0,0,81
2013,BAL,0,1,0,0,81,0,1,0,0,81
2013,BOS,0,2,0,0,81,0,3,0,0,81
2013,CHA,0,4,0,0,81,0,1,0,0,81
2013,CHN,0,2,0,0,81,0,1,0,0,81
2013,CIN,0,3,1,0,81,0,2,0,0,81
2013,CLE,0,2,0,0,81,0,1,0,0,81
2013,COL,0,0,0,0,81,0,1,0,0,81
2013,DET,0,1,0,0,81,0,2,0,0,81
2013,HOU,0,1,0,0,80,0,1,0,0,81
2013,KCA,0,3,0,0,81,0,2,0,0,81
2013,LAN,0,3,0,0,81,0,4,0,0,81
2013,MIA,0,2,1,0,81,0,0,0,0,81
2013,MIL,0,2,0,0,81,0,2,0,0,81
2013,MIN,0,1,0,0,81,0,0,0,0,81
2013,NYA,1,6,0,0,81,0,1,0,0,81
2013,NYN,0,2,0,0,81,0,2,0,0,81
2013,OAK,0,3,0,0,81,0,3,0,0,81
2013,PHI,0,2,0,0,81,0,4,0,0,81
2013,PIT,0,1,0,0,81,0,2,0,0,81
2013,SDN,0,2,0,0,81,0,1,0,0,81
2013,SEA,0,3,0,0,81,0,1,0,0,81
2013,SFN,0,1,0,0,81,0,1,1,0,81
2013,SLN,0,6,0,0,81,0,1,0,0,81
2013,TBA,0,4,0,0,81,0,5,0,0,82
2013,TEX,0,1,0,0,82,0,3,0,0,80
2013,TOR,0,1,0,0,81,0,3,0,0,81
2013,WAS,0,3,0,0,81,0,3,0,0,81
2014,ANA,0,2,0,0,81,0,1,0,0,81
2014,ARI,0,2,0,0,80,0,0,0,0,81
2014,ATL,0,1,0,0,81,0,4,0,0,81
2014,BAL,0,2,0,0,81,0,1,0,0,81
2014,BOS,0,0,0,0,81,0,3,0,0,81
2014,CHA,0,3,0,0,81,0,0,0,0,81
2014,CHN,0,1,0,0,81,0,0,0,0,81
2014,CIN,0,2,0,0,81,0,3,0,0,81
2014,CLE,0,4,0,0,81,1,2,0,0,81
2014,COL,1,1,0,0,81,0,0,0,0,81
2014,DET,0,1,0,0,81,0,4,0,0,81
2014,HOU,0,4,0,0,81,0,3,0,0,81
2014,KCA,0,2,0,0,81,0,1,0,0,81
2014,LAN,0,4,1,1,81,0,3,1,0,80
2014,MIA,0,3,0,0,81,0,0,0,0,81
2014,MIL,0,1,0,0,81,0,2,0,0,81
2014,MIN,0,1,0,0,81,0,1,0,0,81
2014,NYA,0,3,0,0,81,1,2,0,0,81
2014,NYN,0,0,0,0,81,1,1,0,0,81
2014,OAK,0,2,0,0,81,0,5,0,0,81
2014,PHI,0,1,0,0,81,0,1,0,0,81
2014,PIT,1,0,0,0,81,0,2,0,0,81
2014,SDN,0,3,0,0,81,0,1,0,0,81
2014,SEA,0,1,0,0,81,0,1,0,0,81
2014,SFN,0,3,1,0,81,0,5,0,0,81
2014,SLN,0,3,0,0,81,1,5,0,0,81
2014,TBA,0,1,0,0,81,0,2,0,0,81
2014,TEX,0,2,0,0,81,0,4,0,0,81
2014,TOR,0,1,0,0,81,0,2,0,0,81
2014,WAS,0,3,1,0,81,0,2,0,0,81
2015,ANA,0,2,0,0,81,0,0,0,0,81
2015,ARI,0,0,0,0,81,0,1,0,0,81
2015,ATL,0,1,0,0,81,0,2,0,0,81
2015,BAL,0,0,0,0,81,0,0,0,0,81
2015,BOS,0,3,0,0,81,0,0,0,0,81
2015,CHA,0,2,0,0,81,0,5,0,0,81
2015,CHN,0,2,0,0,80,0,4,1,0,81
2015,CIN,0,0,0,0,81,0,2,0,0,81
2015,CLE,0,4,0,0,80,0,7,0,0,81
2015,COL,1,3,0,0,81,0,1,0,0,81
2015,DET,0,4,0,0,81,0,3,0,0,80
2015,HOU,0,4,1,0,81,1,1,0,0,81
2015,KCA,0,2,0,0,81,0,0,0,0,81
2015,LAN,0,2,0,0,81,0,4,0,0,81
2015,MIA,0,0,0,0,81,0,0,0,0,81
2015,MIL,0,0,0,0,81,0,1,0,0,81
2015,MIN,0,0,0,0,81,0,2,0,0,81
2015,NYA,0,0,0,0,81,0,3,0,0,81
2015,NYN,0,0,0,0,81,0,1,0,0,81
2015,OAK,0,2,0,0,81,0,3,0,0,81
2015,PHI,0,0,0,0,81,0,1,1,0,81
2015,PIT,1,0,0,0,81,0,0,0,0,81
2015,SDN,0,0,0,0,81,0,1,0,0,81
2015,SEA,1,3,1,0,81,0,3,0,0,81
2015,SFN,0,4,0,0,81,0,3,1,0,81
2015,SLN,0,0,0,0,81,0,1,0,0,80
2015,TBA,0,0,0,0,81,0,1,0,0,81
2015,TEX,0,3,0,0,81,0,2,0,0,81
2015,TOR,0,3,0,0,81,0,4,0,0,81
2015,WAS,0,1,1,0,81,0,3,1,1,81
2016,ANA,0,3,0,0,81,0,1,0,0,81
2016,ARI,0,1,0,0,81,0,1,0,0,81
2016,ATL,0,0,0,0,81,0,1,0,0,80
2016,BAL,0,0,0,0,81,0,1,0,0,81
2016,BOS,0,0,0,0,81,0,9,0,0,81
2016,CHA,3,2,0,0,81,0,5,0,0,81
2016,CHN,0,4,0,0,81,0,1,1,0,81
2016,CIN,0,0,0,0,81,0,2,0,0,81
2016,CLE,0,3,0,0,81,0,2,0,0,80
2016,COL,0,2,0,0,81,0,0,0,0,81
2016,DET,0,1,0,0,80,0,2,0,0,81
2016,HOU,0,1,0,0,81,0,1,0,0,81
2016,KCA,0,2,0,0,80,0,1,0,0,81
2016,LAN,0,3,0,0,81,0,0,0,0,81
2016,MIA,0,0,0,0,80,0,0,0,0,81
2016,MIL,2,0,0,0,81,0,0,0,0,81
2016,MIN,0,3,0,0,81,0,1,0,0,81
2016,NYA,0,0,0,0,81,0,0,0,0,81
2016,NYN,0,0,0,0,81,0,1,0,0,80
2016,OAK,0,1,0,0,81,0,1,0,0,81
2016,PHI,0,3,0,0,81,1,1,0,0,81
2016,PIT,0,4,0,0,81,0,1,0,0,81
2016,SDN,0,0,0,0,81,0,1,0,0,81
2016,SEA,0,1,0,0,81,0,1,0,0,81
2016,SFN,0,5,0,0,81,0,5,0,0,81
2016,SLN,0,2,0,0,81,0,0,0,0,81
2016,TBA,0,1,0,0,81,0,0,0,0,81
2016,TEX,0,0,0,0,81,0,1,0,0,81
2016,TOR,0,0,0,0,81,0,0,0,0,81
2016,WAS,0,1,0,0,81,1,0,0,0,81
2017,ANA,0,1,0,0,81,0,0,0,0,81
2017,ARI,0,0,0,0,80,0,2,0,0,81
2017,ATL,0,0,0,0,81,0,0,0,0,81
2017,BAL,1,1,0,0,81,1,0,0,0,81
2017,BOS,1,1,0,0,81,0,4,0,0,81
2017,CHA,0,0,0,0,81,0,0,0,0,81
2017,CHN,0,1,0,0,81,0,1,0,0,81
2017,CIN,0,1,0,0,81,1,1,0,0,81
2017,CLE,0,4,0,0,81,0,3,0,0,81
2017,COL,0,0,0,0,81,0,1,0,0,81
2017,DET,0,1,0,0,81,1,1,0,0,81
2017,HOU,0,0,0,0,81,0,1,0,0,81
2017,KCA,0,1,0,0,81,0,0,0,0,81
2017,LAN,0,1,0,0,81,0,1,0,0,81
2017,MIA,0,1,1,0,81,0,0,0,0,81
2017,MIL,0,1,0,0,81,0,0,0,0,81
2017,MIN,0,3,0,0,81,1,3,0,0,81
2017,NYA,0,0,0,0,81,0,2,0,0,81
2017,NYN,0,2,0,0,81,0,0,0,0,81
2017,OAK,0,0,0,0,81,0,1,0,0,81
2017,PHI,1,0,0,0,81,0,1,0,0,81
2017,PIT,0,0,0,0,81,0,2,0,0,81
2017,SDN,0,2,0,0,81,0,0,0,0,81
2017,SEA,0,1,0,0,81,0,0,0,0,81
2017,SFN,0,0,0,0,81,0,3,0,0,80
2017,SLN,0,1,0,0,81,0,2,0,0,81
2017,TBA,0,0,0,0,81,0,0,0,0,81
2017,TEX,0,0,0,0,81,0,2,0,0,81
2017,TOR,0,1,0,0,81,0,1,0,0,81
2017,WAS,0,1,0,0,81,0,2,0,0,81